{"cameraMode":{"drawMode":0,"name":"Shaded","section":"Shading Mode"},"sceneLighting":true,"audioPlay":false,"sceneViewState":{"showFog":true,"showMaterialUpdate":false,"showSkybox":true,"showFlares":true,"showImageEffects":true,"showParticleSystems":true},"in2DMode":false,"pivot":{"x":-51.64137268066406,"y":-93.63134002685547,"z":249.19143676757813},"rotation":{"x":-0.1922202855348587,"y":0.18026143312454225,"z":-0.03594521805644035,"w":-0.9639840126037598},"size":318.841064453125,"orthographic":false}